Model,Accuracy,Precision,Recall,F1
Deep Learning (MLP),0.6020408163265306,0.6379310344827587,0.6727272727272727,0.6548672566371682
