Model,Accuracy,Precision,Recall,F1
Deep Learning (MLP),0.45918367346938777,0.515625,0.6,0.5546218487394958
