Model,Accuracy,Precision,Recall,F1
Deep Learning (MLP),0.5714285714285714,0.589041095890411,0.7818181818181819,0.671875
