Model,Accuracy,Precision,Recall,F1
Logistic Regression,0.5918367346938775,0.6530612244897959,0.5818181818181818,0.6153846153846154
SVM,0.6224489795918368,0.625,0.8181818181818182,0.7086614173228346
Random Forest,0.6428571428571429,0.6785714285714286,0.6909090909090909,0.6846846846846847
Gradient Boosting,0.5714285714285714,0.6140350877192983,0.6363636363636364,0.625
Decision Tree,0.5102040816326531,0.5777777777777777,0.4727272727272727,0.52
KNN,0.5408163265306123,0.7083333333333334,0.3090909090909091,0.43037974683544306
MLP,0.5510204081632653,0.6486486486486487,0.43636363636363634,0.5217391304347826
XGBoost,0.5612244897959183,0.62,0.5636363636363636,0.5904761904761905
