Model,Accuracy,Precision,Recall,F1
Deep Learning (MLP),0.46938775510204084,0.5283018867924528,0.509090909090909,0.5185185185185185
