Model,Accuracy,Precision,Recall,F1
Deep Learning (Face LSTM),0.4897959183673469,0.5308641975308642,0.7818181818181819,0.6323529411764706
