Model,Accuracy,Precision,Recall,F1
Deep Learning (MLP),0.5612244897959183,0.5967741935483871,0.6727272727272727,0.6324786324786325
