Model,Accuracy,Precision,Recall,F1
Logistic Regression,0.6122448979591837,0.6666666666666666,0.6181818181818182,0.6415094339622641
