Model,Accuracy,Precision,Recall,F1
Deep Learning (Face LSTM),0.5612244897959183,0.5652173913043478,0.9454545454545454,0.7074829931972789
