Model,Accuracy,Precision,Recall,F1
SVM,0.6224489795918368,0.68,0.6181818181818182,0.6476190476190476
Random Forest,0.6428571428571429,0.6724137931034483,0.7090909090909091,0.6902654867256637
